<sources>
    <programs>
        <default pathversion="1"></default>
    </programs>
    <video>
        <default pathversion="1"></default>
    </video>
    <music>
        <default pathversion="1"></default>
    </music>
    <pictures>
        <default pathversion="1"></default>
    </pictures>
    <files>
        <default pathversion="1"></default>
        <source>
            <name>hk.zip</name>
            <path pathversion="1">https://github.com/popopo83/test/raw/kodi/hk.zip</path>
            <allowsharing>true</allowsharing>
        </source>
        <source>
            <name>repo popopo</name>
            <path pathversion="1">https://popopo83.github.io/repo/</path>
            <allowsharing>true</allowsharing>
        </source>
        <source>
            <name>xNCotalK</name>
            <path pathversion="1">http://e.pc.cd/xNCotalK/</path>
            <allowsharing>true</allowsharing>
        </source>
    </files>
    <games>
        <default pathversion="1"></default>
    </games>
</sources>
